Filename,Predicted Class
test_audio_0175.wav,residential_area
test_audio_0718.wav,train
test_audio_0150.wav,office
test_audio_0606.wav,train
test_audio_0805.wav,park
test_audio_0552.wav,train
test_audio_1498.wav,tram
test_audio_1280.wav,train
test_audio_0340.wav,residential_area
test_audio_0498.wav,forest_path
test_audio_1373.wav,library
test_audio_0874.wav,park
test_audio_1460.wav,residential_area
test_audio_0506.wav,tram
test_audio_0139.wav,office
test_audio_0890.wav,park
test_audio_1003.wav,car
test_audio_0305.wav,library
test_audio_0854.wav,office
test_audio_1192.wav,home
test_audio_1467.wav,bus
test_audio_1340.wav,forest_path
test_audio_0996.wav,office
test_audio_0892.wav,forest_path
test_audio_0269.wav,city_center
test_audio_0398.wav,office
test_audio_1610.wav,office
test_audio_1425.wav,car
test_audio_0374.wav,tram
test_audio_1358.wav,residential_area
test_audio_0335.wav,forest_path
test_audio_0267.wav,car
test_audio_1094.wav,grocery_store
test_audio_1512.wav,home
test_audio_1466.wav,tram
test_audio_1400.wav,cafe/restaurant
test_audio_0057.wav,office
test_audio_1273.wav,forest_path
test_audio_1454.wav,forest_path
test_audio_1230.wav,park
test_audio_1313.wav,grocery_store
test_audio_0312.wav,tram
test_audio_0608.wav,park
test_audio_0652.wav,office
test_audio_1513.wav,park
test_audio_0047.wav,grocery_store
test_audio_1405.wav,park
test_audio_0995.wav,office
test_audio_0348.wav,cafe/restaurant
test_audio_0328.wav,cafe/restaurant
test_audio_1060.wav,bus
test_audio_1492.wav,park
test_audio_0837.wav,tram
test_audio_0749.wav,city_center
test_audio_1068.wav,cafe/restaurant
test_audio_1201.wav,car
test_audio_0156.wav,forest_path
test_audio_0318.wav,office
test_audio_1121.wav,park
test_audio_1520.wav,library
test_audio_0628.wav,home
test_audio_0990.wav,tram
test_audio_0916.wav,metro_station
test_audio_0277.wav,car
test_audio_1412.wav,car
test_audio_1395.wav,metro_station
test_audio_0089.wav,forest_path
test_audio_0403.wav,metro_station
test_audio_0331.wav,library
test_audio_1330.wav,grocery_store
test_audio_0676.wav,grocery_store
test_audio_0550.wav,park
test_audio_0803.wav,office
test_audio_0881.wav,residential_area
test_audio_1183.wav,metro_station
test_audio_1150.wav,office
test_audio_0955.wav,forest_path
test_audio_1212.wav,library
test_audio_0987.wav,office
test_audio_0623.wav,metro_station
test_audio_0263.wav,forest_path
test_audio_1270.wav,city_center
test_audio_0655.wav,metro_station
test_audio_1525.wav,city_center
test_audio_1443.wav,grocery_store
test_audio_0197.wav,cafe/restaurant
test_audio_1562.wav,home
test_audio_1445.wav,forest_path
test_audio_1308.wav,grocery_store
test_audio_0516.wav,grocery_store
test_audio_0880.wav,home
test_audio_0309.wav,grocery_store
test_audio_1084.wav,home
test_audio_1590.wav,city_center
test_audio_0432.wav,car
test_audio_0196.wav,cafe/restaurant
test_audio_0071.wav,grocery_store
test_audio_1368.wav,park
test_audio_1210.wav,tram
test_audio_0049.wav,home
test_audio_0902.wav,train
test_audio_1402.wav,office
test_audio_0569.wav,bus
test_audio_0174.wav,bus
test_audio_0481.wav,office
test_audio_1384.wav,residential_area
test_audio_0199.wav,residential_area
test_audio_1370.wav,park
test_audio_0152.wav,forest_path
test_audio_1614.wav,car
test_audio_0977.wav,park
test_audio_0370.wav,residential_area
test_audio_0654.wav,library
test_audio_0121.wav,city_center
test_audio_1543.wav,residential_area
test_audio_0662.wav,residential_area
test_audio_0520.wav,city_center
test_audio_1317.wav,park
test_audio_1046.wav,bus
test_audio_1008.wav,forest_path
test_audio_0092.wav,office
test_audio_0176.wav,forest_path
test_audio_0764.wav,grocery_store
test_audio_1294.wav,metro_station
test_audio_1580.wav,park
test_audio_0887.wav,office
test_audio_1276.wav,train
test_audio_0369.wav,forest_path
test_audio_0551.wav,office
test_audio_0467.wav,home
test_audio_1055.wav,forest_path
test_audio_1555.wav,tram
test_audio_1035.wav,metro_station
test_audio_1578.wav,cafe/restaurant
test_audio_1372.wav,car
test_audio_0709.wav,cafe/restaurant
test_audio_0229.wav,grocery_store
test_audio_0577.wav,train
test_audio_0973.wav,office
test_audio_0059.wav,forest_path
test_audio_0224.wav,grocery_store
test_audio_0310.wav,office
test_audio_1523.wav,city_center
test_audio_1350.wav,cafe/restaurant
test_audio_0529.wav,metro_station
test_audio_0098.wav,beach
test_audio_0632.wav,cafe/restaurant
test_audio_0045.wav,office
test_audio_1059.wav,office
test_audio_1585.wav,office
test_audio_1430.wav,grocery_store
test_audio_0960.wav,park
test_audio_0113.wav,forest_path
test_audio_1107.wav,cafe/restaurant
test_audio_1179.wav,city_center
test_audio_0225.wav,office
test_audio_0716.wav,metro_station
test_audio_0487.wav,tram
test_audio_0215.wav,tram
test_audio_1396.wav,city_center
test_audio_0625.wav,metro_station
test_audio_1439.wav,car
test_audio_0526.wav,office
test_audio_0482.wav,forest_path
test_audio_0444.wav,car
test_audio_1115.wav,car
test_audio_0866.wav,city_center
test_audio_0924.wav,forest_path
test_audio_0170.wav,office
test_audio_0521.wav,car
test_audio_0966.wav,car
test_audio_0472.wav,grocery_store
test_audio_0110.wav,train
test_audio_0222.wav,forest_path
test_audio_0561.wav,park
test_audio_0220.wav,beach
test_audio_0693.wav,grocery_store
test_audio_0502.wav,train
test_audio_0272.wav,home
test_audio_0205.wav,metro_station
test_audio_0082.wav,office
test_audio_0757.wav,park
test_audio_0741.wav,train
test_audio_0592.wav,park
test_audio_0264.wav,grocery_store
test_audio_1142.wav,office
test_audio_1265.wav,park
test_audio_0081.wav,metro_station
test_audio_0114.wav,grocery_store
test_audio_1061.wav,tram
test_audio_0582.wav,park
test_audio_0580.wav,tram
test_audio_0686.wav,city_center
test_audio_0294.wav,home
test_audio_0359.wav,forest_path
test_audio_1600.wav,tram
test_audio_0929.wav,grocery_store
test_audio_0103.wav,grocery_store
test_audio_0125.wav,cafe/restaurant
test_audio_0963.wav,park
test_audio_0886.wav,park
test_audio_0600.wav,office
test_audio_0426.wav,train
test_audio_0581.wav,park
test_audio_0341.wav,park
test_audio_0353.wav,residential_area
test_audio_0256.wav,residential_area
test_audio_1401.wav,office
test_audio_0530.wav,car
test_audio_0667.wav,residential_area
test_audio_0545.wav,metro_station
test_audio_1391.wav,residential_area
test_audio_1184.wav,cafe/restaurant
test_audio_1044.wav,office
test_audio_0030.wav,forest_path
test_audio_0832.wav,metro_station
test_audio_1501.wav,forest_path
test_audio_0087.wav,home
test_audio_1592.wav,tram
test_audio_0123.wav,tram
test_audio_1337.wav,tram
test_audio_0067.wav,cafe/restaurant
test_audio_0043.wav,grocery_store
test_audio_1537.wav,city_center
test_audio_0099.wav,metro_station
test_audio_1431.wav,car
test_audio_1434.wav,home
test_audio_0539.wav,residential_area
test_audio_1550.wav,metro_station
test_audio_1205.wav,office
test_audio_0501.wav,grocery_store
test_audio_0259.wav,forest_path
test_audio_0717.wav,library
test_audio_0364.wav,residential_area
test_audio_0409.wav,office
test_audio_0185.wav,library
test_audio_1066.wav,home
test_audio_1612.wav,park
test_audio_0129.wav,city_center
test_audio_0680.wav,office
test_audio_0177.wav,park
test_audio_0405.wav,tram
test_audio_0027.wav,tram
test_audio_0091.wav,park
test_audio_0711.wav,residential_area
test_audio_1144.wav,tram
test_audio_1515.wav,home
test_audio_0747.wav,grocery_store
test_audio_1428.wav,grocery_store
test_audio_1503.wav,tram
test_audio_1053.wav,cafe/restaurant
test_audio_0500.wav,tram
test_audio_0342.wav,cafe/restaurant
test_audio_0132.wav,train
test_audio_0666.wav,park
test_audio_1355.wav,train
test_audio_1233.wav,city_center
test_audio_1437.wav,city_center
test_audio_1288.wav,office
test_audio_1266.wav,library
test_audio_1296.wav,park
test_audio_0794.wav,office
test_audio_0814.wav,library
test_audio_0455.wav,park
test_audio_0034.wav,forest_path
test_audio_0219.wav,grocery_store
test_audio_0266.wav,forest_path
test_audio_0254.wav,residential_area
test_audio_0778.wav,grocery_store
test_audio_1383.wav,office
test_audio_1229.wav,car
test_audio_0001.wav,office
test_audio_0719.wav,train
test_audio_0064.wav,park
test_audio_0287.wav,train
test_audio_0276.wav,park
test_audio_0964.wav,cafe/restaurant
test_audio_0562.wav,home
test_audio_0075.wav,forest_path
test_audio_0644.wav,park
test_audio_1427.wav,home
test_audio_1444.wav,cafe/restaurant
test_audio_0100.wav,city_center
test_audio_0825.wav,office
test_audio_0337.wav,park
test_audio_1232.wav,office
test_audio_1099.wav,residential_area
test_audio_1301.wav,grocery_store
test_audio_1012.wav,home
test_audio_0543.wav,metro_station
test_audio_0571.wav,park
test_audio_0896.wav,park
test_audio_1025.wav,cafe/restaurant
test_audio_0518.wav,bus
test_audio_0020.wav,tram
test_audio_1420.wav,train
test_audio_0108.wav,train
test_audio_0714.wav,bus
test_audio_0629.wav,grocery_store
test_audio_0981.wav,train
test_audio_0286.wav,city_center
test_audio_0867.wav,home
test_audio_1292.wav,train
test_audio_0813.wav,car
test_audio_0992.wav,city_center
test_audio_0164.wav,car
test_audio_0746.wav,office
test_audio_0376.wav,residential_area
test_audio_1017.wav,grocery_store
test_audio_0466.wav,city_center
test_audio_1527.wav,forest_path
test_audio_0210.wav,library
test_audio_0607.wav,train
test_audio_1203.wav,office
test_audio_1618.wav,residential_area
test_audio_0484.wav,office
test_audio_0560.wav,grocery_store
test_audio_0641.wav,park
test_audio_1193.wav,office
test_audio_0626.wav,city_center
test_audio_0144.wav,office
test_audio_0334.wav,library
test_audio_0356.wav,home
test_audio_0941.wav,residential_area
test_audio_0015.wav,grocery_store
test_audio_0345.wav,cafe/restaurant
test_audio_0673.wav,tram
test_audio_0488.wav,park
test_audio_0303.wav,park
test_audio_0366.wav,library
test_audio_0920.wav,city_center
test_audio_1593.wav,bus
test_audio_1070.wav,office
test_audio_0708.wav,tram
test_audio_1291.wav,car
test_audio_1226.wav,cafe/restaurant
test_audio_1254.wav,metro_station
test_audio_1541.wav,office
test_audio_1197.wav,car
test_audio_1406.wav,car
test_audio_0233.wav,train
test_audio_0120.wav,grocery_store
test_audio_1485.wav,office
test_audio_1424.wav,car
test_audio_1326.wav,home
test_audio_0408.wav,city_center
test_audio_0572.wav,forest_path
test_audio_1567.wav,city_center
test_audio_0725.wav,home
test_audio_0166.wav,car
test_audio_1544.wav,park
test_audio_1181.wav,city_center
test_audio_0532.wav,cafe/restaurant
test_audio_0958.wav,cafe/restaurant
test_audio_1476.wav,metro_station
test_audio_0407.wav,bus
test_audio_0068.wav,city_center
test_audio_1362.wav,cafe/restaurant
test_audio_1251.wav,grocery_store
test_audio_0193.wav,office
test_audio_1235.wav,cafe/restaurant
test_audio_1078.wav,city_center
test_audio_0499.wav,train
test_audio_1521.wav,forest_path
test_audio_1361.wav,cafe/restaurant
test_audio_1295.wav,tram
test_audio_1134.wav,residential_area
test_audio_0519.wav,bus
test_audio_1542.wav,tram
test_audio_0023.wav,park
test_audio_1116.wav,grocery_store
test_audio_0656.wav,car
test_audio_0726.wav,train
test_audio_0918.wav,residential_area
test_audio_0464.wav,home
test_audio_0456.wav,city_center
test_audio_0559.wav,cafe/restaurant
test_audio_1433.wav,grocery_store
test_audio_0347.wav,residential_area
test_audio_0182.wav,tram
test_audio_0417.wav,residential_area
test_audio_0365.wav,park
test_audio_0911.wav,metro_station
test_audio_1279.wav,park
test_audio_1309.wav,bus
test_audio_0611.wav,library
test_audio_0460.wav,forest_path
test_audio_1570.wav,metro_station
test_audio_0688.wav,grocery_store
test_audio_0289.wav,forest_path
test_audio_0544.wav,home
test_audio_0105.wav,cafe/restaurant
test_audio_1552.wav,metro_station
test_audio_1381.wav,cafe/restaurant
test_audio_0422.wav,home
test_audio_0300.wav,tram
test_audio_1136.wav,park
test_audio_0736.wav,car
test_audio_0538.wav,home
test_audio_1442.wav,metro_station
test_audio_1388.wav,forest_path
test_audio_0358.wav,residential_area
test_audio_0038.wav,grocery_store
test_audio_0316.wav,cafe/restaurant
test_audio_0933.wav,office
test_audio_1564.wav,cafe/restaurant
test_audio_1332.wav,forest_path
test_audio_0021.wav,forest_path
test_audio_1020.wav,forest_path
test_audio_0401.wav,park
test_audio_1480.wav,forest_path
test_audio_0355.wav,grocery_store
test_audio_0754.wav,train
test_audio_1069.wav,grocery_store
test_audio_0154.wav,residential_area
test_audio_0915.wav,park
test_audio_0807.wav,grocery_store
test_audio_0261.wav,car
test_audio_0240.wav,forest_path
test_audio_0618.wav,train
test_audio_1490.wav,office
test_audio_0007.wav,office
test_audio_0039.wav,city_center
test_audio_1227.wav,forest_path
test_audio_1338.wav,cafe/restaurant
test_audio_1250.wav,metro_station
test_audio_0557.wav,forest_path
test_audio_1464.wav,car
test_audio_1568.wav,cafe/restaurant
test_audio_0397.wav,car
test_audio_0954.wav,office
test_audio_1246.wav,office
test_audio_1556.wav,forest_path
test_audio_0588.wav,park
test_audio_1497.wav,train
test_audio_0198.wav,park
test_audio_1561.wav,train
test_audio_1029.wav,residential_area
test_audio_1239.wav,metro_station
test_audio_0931.wav,office
test_audio_1128.wav,city_center
test_audio_1271.wav,metro_station
test_audio_0497.wav,park
test_audio_0321.wav,bus
test_audio_0770.wav,grocery_store
test_audio_0836.wav,park
test_audio_0383.wav,train
test_audio_1155.wav,bus
test_audio_0853.wav,forest_path
test_audio_0664.wav,tram
test_audio_0280.wav,park
test_audio_0128.wav,residential_area
test_audio_0768.wav,tram
test_audio_0877.wav,grocery_store
test_audio_1154.wav,grocery_store
test_audio_0762.wav,car
test_audio_0761.wav,metro_station
test_audio_0897.wav,car
test_audio_0622.wav,park
test_audio_0759.wav,car
test_audio_1282.wav,park
test_audio_0451.wav,cafe/restaurant
test_audio_1030.wav,residential_area
test_audio_1237.wav,park
test_audio_1182.wav,residential_area
test_audio_1275.wav,park
test_audio_0646.wav,office
test_audio_1484.wav,park
test_audio_0329.wav,grocery_store
test_audio_0503.wav,metro_station
test_audio_1119.wav,car
test_audio_1397.wav,grocery_store
test_audio_0486.wav,car
test_audio_0333.wav,forest_path
test_audio_0458.wav,city_center
test_audio_0330.wav,park
test_audio_0524.wav,tram
test_audio_0392.wav,home
test_audio_1073.wav,library
test_audio_1013.wav,metro_station
test_audio_0372.wav,metro_station
test_audio_0740.wav,train
test_audio_1285.wav,car
test_audio_0326.wav,train
test_audio_0932.wav,forest_path
test_audio_0357.wav,park
test_audio_0512.wav,park
test_audio_1156.wav,residential_area
test_audio_0948.wav,cafe/restaurant
test_audio_0846.wav,library
test_audio_0691.wav,car
test_audio_0158.wav,office
test_audio_0715.wav,cafe/restaurant
test_audio_0362.wav,office
test_audio_1318.wav,grocery_store
test_audio_1607.wav,car
test_audio_0106.wav,car
test_audio_1249.wav,city_center
test_audio_1110.wav,grocery_store
test_audio_0602.wav,office
test_audio_0322.wav,park
test_audio_0697.wav,residential_area
test_audio_0314.wav,residential_area
test_audio_0934.wav,home
test_audio_0243.wav,office
test_audio_0604.wav,cafe/restaurant
test_audio_0879.wav,park
test_audio_0419.wav,metro_station
test_audio_0774.wav,metro_station
test_audio_1018.wav,park
test_audio_1190.wav,office
test_audio_0755.wav,metro_station
test_audio_0441.wav,park
test_audio_0658.wav,metro_station
test_audio_0514.wav,residential_area
test_audio_0928.wav,park
test_audio_0163.wav,home
test_audio_0237.wav,metro_station
test_audio_1584.wav,forest_path
test_audio_0235.wav,library
test_audio_0851.wav,car
test_audio_0169.wav,grocery_store
test_audio_1177.wav,park
test_audio_0058.wav,home
test_audio_0414.wav,residential_area
test_audio_0986.wav,metro_station
test_audio_0513.wav,home
test_audio_1106.wav,tram
test_audio_0490.wav,city_center
test_audio_1310.wav,forest_path
test_audio_0950.wav,car
test_audio_0567.wav,city_center
test_audio_1255.wav,city_center
test_audio_0978.wav,park
test_audio_0570.wav,residential_area
test_audio_0270.wav,office
test_audio_1221.wav,metro_station
test_audio_0391.wav,grocery_store
test_audio_0443.wav,tram
test_audio_1532.wav,car
test_audio_0883.wav,park
test_audio_0842.wav,grocery_store
test_audio_1180.wav,train
test_audio_1264.wav,city_center
test_audio_1067.wav,forest_path
test_audio_1202.wav,tram
test_audio_1356.wav,office
test_audio_1080.wav,car
test_audio_0009.wav,grocery_store
test_audio_0831.wav,office
test_audio_0724.wav,city_center
test_audio_1092.wav,metro_station
test_audio_0295.wav,grocery_store
test_audio_0751.wav,tram
test_audio_0809.wav,metro_station
test_audio_0291.wav,metro_station
test_audio_1605.wav,park
test_audio_0454.wav,residential_area
test_audio_0304.wav,residential_area
test_audio_0670.wav,metro_station
test_audio_1500.wav,office
test_audio_1522.wav,metro_station
test_audio_0413.wav,park
test_audio_1429.wav,grocery_store
test_audio_0188.wav,grocery_store
test_audio_0743.wav,library
test_audio_0785.wav,forest_path
test_audio_1164.wav,grocery_store
test_audio_0147.wav,train
test_audio_0190.wav,bus
test_audio_1287.wav,train
test_audio_0351.wav,grocery_store
test_audio_0044.wav,beach
test_audio_1333.wav,office
test_audio_1535.wav,residential_area
test_audio_1303.wav,forest_path
test_audio_0826.wav,library
test_audio_0806.wav,park
test_audio_0200.wav,car
test_audio_1088.wav,home
test_audio_1392.wav,car
test_audio_1441.wav,metro_station
test_audio_1228.wav,train
test_audio_0204.wav,park
test_audio_1569.wav,car
test_audio_1006.wav,car
test_audio_0167.wav,home
test_audio_0346.wav,residential_area
test_audio_1491.wav,park
test_audio_1196.wav,bus
test_audio_0707.wav,train
test_audio_0684.wav,car
test_audio_0423.wav,grocery_store
test_audio_0226.wav,cafe/restaurant
test_audio_0162.wav,home
test_audio_0053.wav,tram
test_audio_0231.wav,train
test_audio_0645.wav,office
test_audio_0823.wav,park
test_audio_0495.wav,city_center
test_audio_1359.wav,park
test_audio_1452.wav,train
test_audio_0793.wav,residential_area
test_audio_0302.wav,forest_path
test_audio_1240.wav,grocery_store
test_audio_1218.wav,office
test_audio_0705.wav,home
test_audio_0203.wav,home
test_audio_0730.wav,residential_area
test_audio_0389.wav,train
test_audio_0232.wav,office
test_audio_0919.wav,city_center
test_audio_1407.wav,city_center
test_audio_0946.wav,park
test_audio_1023.wav,residential_area
test_audio_0230.wav,forest_path
test_audio_0791.wav,park
test_audio_1056.wav,tram
test_audio_0798.wav,park
test_audio_0862.wav,grocery_store
test_audio_1074.wav,train
test_audio_0290.wav,park
test_audio_0262.wav,park
test_audio_1364.wav,residential_area
test_audio_0406.wav,office
test_audio_0479.wav,grocery_store
test_audio_0777.wav,forest_path
test_audio_0703.wav,city_center
test_audio_0285.wav,bus
test_audio_0248.wav,metro_station
test_audio_0041.wav,metro_station
test_audio_1325.wav,train
test_audio_1262.wav,residential_area
test_audio_1551.wav,metro_station
test_audio_1140.wav,forest_path
test_audio_0155.wav,car
test_audio_0775.wav,car
test_audio_1336.wav,grocery_store
test_audio_0223.wav,car
test_audio_1342.wav,car
test_audio_0061.wav,car
test_audio_1502.wav,car
test_audio_1375.wav,office
test_audio_1052.wav,forest_path
test_audio_1209.wav,metro_station
test_audio_1033.wav,cafe/restaurant
test_audio_1189.wav,city_center
test_audio_1125.wav,bus
test_audio_0468.wav,city_center
test_audio_0056.wav,city_center
test_audio_0017.wav,metro_station
test_audio_0704.wav,park
test_audio_0781.wav,home
test_audio_0274.wav,grocery_store
test_audio_1015.wav,cafe/restaurant
test_audio_0212.wav,train
test_audio_0160.wav,city_center
test_audio_1571.wav,city_center
test_audio_0556.wav,car
test_audio_0080.wav,forest_path
test_audio_0159.wav,office
test_audio_0076.wav,metro_station
test_audio_1126.wav,train
test_audio_0818.wav,home
test_audio_0601.wav,cafe/restaurant
test_audio_1051.wav,forest_path
test_audio_1374.wav,home
test_audio_0138.wav,tram
test_audio_1261.wav,grocery_store
test_audio_0390.wav,train
test_audio_1311.wav,car
test_audio_1185.wav,park
test_audio_0650.wav,cafe/restaurant
test_audio_1596.wav,residential_area
test_audio_0036.wav,metro_station
test_audio_0054.wav,city_center
test_audio_0901.wav,car
test_audio_0603.wav,library
test_audio_0373.wav,car
test_audio_0360.wav,forest_path
test_audio_1079.wav,office
test_audio_0876.wav,cafe/restaurant
test_audio_0586.wav,tram
test_audio_0661.wav,bus
test_audio_0073.wav,train
test_audio_0171.wav,office
test_audio_0692.wav,forest_path
test_audio_0320.wav,residential_area
test_audio_0993.wav,metro_station
test_audio_1604.wav,grocery_store
test_audio_1054.wav,train
test_audio_0429.wav,tram
test_audio_0974.wav,residential_area
test_audio_0750.wav,home
test_audio_1507.wav,home
test_audio_0246.wav,grocery_store
test_audio_0292.wav,home
test_audio_0822.wav,metro_station
test_audio_1200.wav,home
test_audio_1131.wav,tram
test_audio_0802.wav,train
test_audio_1426.wav,cafe/restaurant
test_audio_0787.wav,grocery_store
test_audio_0493.wav,car
test_audio_1458.wav,office
test_audio_0865.wav,car
test_audio_1207.wav,grocery_store
test_audio_0485.wav,office
test_audio_1599.wav,grocery_store
test_audio_1170.wav,forest_path
test_audio_1300.wav,home
test_audio_0367.wav,grocery_store
test_audio_1597.wav,office
test_audio_0474.wav,car
test_audio_1042.wav,forest_path
test_audio_1331.wav,city_center
test_audio_1075.wav,grocery_store
test_audio_1470.wav,cafe/restaurant
test_audio_0117.wav,train
test_audio_1534.wav,train
test_audio_0421.wav,cafe/restaurant
test_audio_1001.wav,residential_area
test_audio_1306.wav,office
test_audio_0293.wav,grocery_store
test_audio_1245.wav,grocery_store
test_audio_0833.wav,train
test_audio_1002.wav,office
test_audio_1417.wav,tram
test_audio_1469.wav,home
test_audio_1602.wav,city_center
test_audio_1138.wav,forest_path
test_audio_0319.wav,city_center
test_audio_0636.wav,car
test_audio_0732.wav,office
test_audio_0180.wav,office
test_audio_1019.wav,metro_station
test_audio_1091.wav,home
test_audio_0700.wav,office
test_audio_0275.wav,park
test_audio_0905.wav,cafe/restaurant
test_audio_0386.wav,grocery_store
test_audio_1014.wav,grocery_store
test_audio_0296.wav,forest_path
test_audio_0549.wav,metro_station
test_audio_0863.wav,home
test_audio_1529.wav,tram
test_audio_0861.wav,car
test_audio_0026.wav,train
test_audio_1038.wav,office
test_audio_0878.wav,train
test_audio_0024.wav,bus
test_audio_0179.wav,home
test_audio_0734.wav,train
test_audio_1199.wav,forest_path
test_audio_0620.wav,office
test_audio_0018.wav,home
test_audio_0325.wav,park
test_audio_0913.wav,cafe/restaurant
test_audio_0324.wav,car
test_audio_0234.wav,office
test_audio_0576.wav,residential_area
test_audio_0860.wav,library
test_audio_0354.wav,forest_path
test_audio_1344.wav,car
test_audio_0102.wav,office
test_audio_0449.wav,city_center
test_audio_0940.wav,tram
test_audio_0753.wav,residential_area
test_audio_1260.wav,train
test_audio_0327.wav,metro_station
test_audio_0257.wav,forest_path
test_audio_0416.wav,train
test_audio_1268.wav,cafe/restaurant
test_audio_0005.wav,forest_path
test_audio_0643.wav,office
test_audio_0840.wav,park
test_audio_0541.wav,train
test_audio_1389.wav,car
test_audio_0827.wav,forest_path
test_audio_1299.wav,car
test_audio_1186.wav,residential_area
test_audio_1496.wav,car
test_audio_0925.wav,cafe/restaurant
test_audio_1242.wav,residential_area
test_audio_0410.wav,grocery_store
test_audio_0975.wav,grocery_store
test_audio_1298.wav,residential_area
test_audio_0477.wav,car
test_audio_0790.wav,forest_path
test_audio_0375.wav,residential_area
test_audio_0898.wav,train
test_audio_0596.wav,residential_area
test_audio_0025.wav,metro_station
test_audio_0830.wav,home
test_audio_0109.wav,office
test_audio_0299.wav,park
test_audio_0627.wav,metro_station
test_audio_1385.wav,tram
test_audio_1379.wav,forest_path
test_audio_0445.wav,library
test_audio_0889.wav,bus
test_audio_0508.wav,cafe/restaurant
test_audio_1293.wav,residential_area
test_audio_1440.wav,office
test_audio_0428.wav,residential_area
test_audio_0510.wav,car
test_audio_0378.wav,grocery_store
test_audio_1586.wav,tram
test_audio_0112.wav,city_center
test_audio_0555.wav,park
test_audio_0694.wav,park
test_audio_1087.wav,metro_station
test_audio_1475.wav,office
test_audio_1582.wav,city_center
test_audio_1086.wav,forest_path
test_audio_0186.wav,train
test_audio_0713.wav,home
test_audio_1495.wav,cafe/restaurant
test_audio_0574.wav,metro_station
test_audio_0452.wav,bus
test_audio_1547.wav,metro_station
test_audio_0856.wav,tram
test_audio_1122.wav,tram
test_audio_0459.wav,forest_path
test_audio_0258.wav,city_center
test_audio_1241.wav,city_center
test_audio_1545.wav,bus
test_audio_0780.wav,park
test_audio_1324.wav,park
test_audio_1479.wav,metro_station
test_audio_0388.wav,train
test_audio_0922.wav,park
test_audio_1102.wav,cafe/restaurant
test_audio_1132.wav,office
test_audio_0771.wav,tram
test_audio_1320.wav,residential_area
test_audio_0651.wav,office
test_audio_0888.wav,office
test_audio_0682.wav,city_center
test_audio_0891.wav,park
test_audio_0201.wav,metro_station
test_audio_0959.wav,city_center
test_audio_0411.wav,forest_path
test_audio_0847.wav,park
test_audio_1589.wav,forest_path
test_audio_0763.wav,cafe/restaurant
test_audio_1027.wav,park
test_audio_1101.wav,home
test_audio_1267.wav,metro_station
test_audio_1004.wav,tram
test_audio_0363.wav,city_center
test_audio_1531.wav,train
test_audio_0776.wav,home
test_audio_1505.wav,metro_station
test_audio_0028.wav,metro_station
test_audio_0828.wav,car
test_audio_0424.wav,tram
test_audio_1130.wav,residential_area
test_audio_0247.wav,office
test_audio_0241.wav,park
test_audio_1461.wav,metro_station
test_audio_0157.wav,residential_area
test_audio_1312.wav,home
test_audio_0796.wav,residential_area
test_audio_0431.wav,car
test_audio_1526.wav,home
test_audio_0211.wav,car
test_audio_1016.wav,metro_station
test_audio_1133.wav,bus
test_audio_0792.wav,home
test_audio_0427.wav,train
test_audio_0882.wav,residential_area
test_audio_0343.wav,office
test_audio_0298.wav,metro_station
test_audio_0869.wav,city_center
test_audio_0598.wav,office
test_audio_0042.wav,residential_area
test_audio_1220.wav,car
test_audio_0727.wav,office
test_audio_0010.wav,metro_station
test_audio_0587.wav,tram
test_audio_0387.wav,tram
test_audio_1032.wav,office
test_audio_1072.wav,cafe/restaurant
test_audio_0382.wav,forest_path
test_audio_0161.wav,city_center
test_audio_1028.wav,tram
test_audio_0804.wav,grocery_store
test_audio_1166.wav,metro_station
test_audio_0921.wav,car
test_audio_0470.wav,home
test_audio_0447.wav,grocery_store
test_audio_1082.wav,grocery_store
test_audio_0976.wav,grocery_store
test_audio_1558.wav,tram
test_audio_1486.wav,park
test_audio_1617.wav,city_center
test_audio_0710.wav,cafe/restaurant
test_audio_1398.wav,city_center
test_audio_1351.wav,library
test_audio_1472.wav,metro_station
test_audio_1143.wav,office
test_audio_0613.wav,cafe/restaurant
test_audio_1459.wav,home
test_audio_0055.wav,grocery_store
test_audio_1124.wav,metro_station
test_audio_1167.wav,forest_path
test_audio_0350.wav,beach
test_audio_0943.wav,park
test_audio_0985.wav,library
test_audio_1474.wav,forest_path
test_audio_1118.wav,cafe/restaurant
test_audio_0799.wav,car
test_audio_1574.wav,cafe/restaurant
test_audio_0824.wav,residential_area
test_audio_1587.wav,forest_path
test_audio_0003.wav,home
test_audio_1147.wav,bus
test_audio_0213.wav,car
test_audio_0393.wav,residential_area
test_audio_1449.wav,metro_station
test_audio_0699.wav,residential_area
test_audio_0614.wav,train
test_audio_0926.wav,park
test_audio_0352.wav,office
test_audio_0070.wav,residential_area
test_audio_0271.wav,city_center
test_audio_0433.wav,grocery_store
test_audio_0956.wav,grocery_store
test_audio_1063.wav,park
test_audio_0947.wav,park
test_audio_1304.wav,metro_station
test_audio_0062.wav,bus
test_audio_0002.wav,park
test_audio_0143.wav,cafe/restaurant
test_audio_0779.wav,library
test_audio_0153.wav,bus
test_audio_1114.wav,metro_station
test_audio_0402.wav,train
test_audio_0450.wav,train
test_audio_1549.wav,residential_area
test_audio_0657.wav,tram
test_audio_0507.wav,city_center
test_audio_1360.wav,metro_station
test_audio_0124.wav,park
test_audio_1039.wav,city_center
test_audio_0839.wav,train
test_audio_0284.wav,park
test_audio_0088.wav,residential_area
test_audio_1457.wav,bus
test_audio_0864.wav,city_center
test_audio_1048.wav,office
test_audio_0795.wav,park
test_audio_1414.wav,office
test_audio_0448.wav,grocery_store
test_audio_0951.wav,tram
test_audio_1176.wav,home
test_audio_0249.wav,cafe/restaurant
test_audio_1516.wav,metro_station
test_audio_0923.wav,forest_path
test_audio_0850.wav,cafe/restaurant
test_audio_1198.wav,cafe/restaurant
test_audio_0739.wav,office
test_audio_0811.wav,bus
test_audio_1307.wav,metro_station
test_audio_0394.wav,bus
test_audio_0399.wav,residential_area
test_audio_1572.wav,forest_path
test_audio_1225.wav,forest_path
test_audio_0418.wav,grocery_store
test_audio_1438.wav,tram
test_audio_1247.wav,train
test_audio_0748.wav,grocery_store
test_audio_1524.wav,city_center
test_audio_1117.wav,tram
test_audio_1137.wav,metro_station
test_audio_0480.wav,office
test_audio_0772.wav,train
test_audio_0385.wav,grocery_store
test_audio_1165.wav,car
test_audio_0621.wav,office
test_audio_1111.wav,metro_station
test_audio_0420.wav,metro_station
test_audio_1509.wav,city_center
test_audio_0615.wav,grocery_store
test_audio_0126.wav,train
test_audio_0815.wav,office
test_audio_1611.wav,office
test_audio_0483.wav,residential_area
test_audio_1357.wav,park
test_audio_1329.wav,metro_station
test_audio_0037.wav,grocery_store
test_audio_0116.wav,office
test_audio_1473.wav,office
test_audio_1334.wav,forest_path
test_audio_0115.wav,cafe/restaurant
test_audio_1450.wav,tram
test_audio_0563.wav,residential_area
test_audio_1206.wav,tram
test_audio_0903.wav,residential_area
test_audio_0733.wav,city_center
test_audio_1380.wav,metro_station
test_audio_0997.wav,cafe/restaurant
test_audio_0491.wav,car
test_audio_0173.wav,park
test_audio_0141.wav,cafe/restaurant
test_audio_0217.wav,bus
test_audio_1031.wav,office
test_audio_1418.wav,office
test_audio_0735.wav,metro_station
test_audio_0991.wav,office
test_audio_1588.wav,residential_area
test_audio_1112.wav,office
test_audio_1511.wav,office
test_audio_0566.wav,residential_area
test_audio_0858.wav,home
test_audio_1591.wav,grocery_store
test_audio_0253.wav,cafe/restaurant
test_audio_0649.wav,train
test_audio_1215.wav,grocery_store
test_audio_1162.wav,car
test_audio_0910.wav,park
test_audio_0060.wav,forest_path
test_audio_0227.wav,grocery_store
test_audio_1504.wav,tram
test_audio_0066.wav,residential_area
test_audio_0268.wav,tram
test_audio_0381.wav,tram
test_audio_0282.wav,city_center
test_audio_1104.wav,metro_station
test_audio_0784.wav,park
test_audio_0122.wav,metro_station
test_audio_1322.wav,office
test_audio_1160.wav,residential_area
test_audio_0525.wav,forest_path
test_audio_1244.wav,tram
test_audio_1123.wav,park
test_audio_1319.wav,residential_area
test_audio_1369.wav,office
test_audio_0731.wav,cafe/restaurant
test_audio_1413.wav,forest_path
test_audio_0077.wav,home
test_audio_0349.wav,grocery_store
test_audio_0870.wav,metro_station
test_audio_1222.wav,city_center
test_audio_1208.wav,train
test_audio_1471.wav,tram
test_audio_0436.wav,metro_station
test_audio_0633.wav,park
test_audio_0537.wav,office
test_audio_1187.wav,office
test_audio_1446.wav,office
test_audio_0706.wav,forest_path
test_audio_1024.wav,home
test_audio_0989.wav,office
test_audio_0207.wav,cafe/restaurant
test_audio_0593.wav,office
test_audio_0575.wav,city_center
test_audio_1096.wav,city_center
test_audio_1494.wav,home
test_audio_0873.wav,home
test_audio_1173.wav,car
test_audio_0591.wav,metro_station
test_audio_1168.wav,forest_path
test_audio_0534.wav,office
test_audio_0218.wav,cafe/restaurant
test_audio_0192.wav,tram
test_audio_0942.wav,grocery_store
test_audio_0384.wav,train
test_audio_0533.wav,tram
test_audio_0639.wav,park
test_audio_0178.wav,residential_area
test_audio_1436.wav,home
test_audio_1366.wav,park
test_audio_1274.wav,metro_station
test_audio_0695.wav,forest_path
test_audio_1153.wav,forest_path
test_audio_0151.wav,office
test_audio_1135.wav,park
test_audio_1188.wav,train
test_audio_0857.wav,cafe/restaurant
test_audio_0998.wav,office
test_audio_1223.wav,park
test_audio_0093.wav,bus
test_audio_1105.wav,grocery_store
test_audio_0469.wav,tram
test_audio_0457.wav,cafe/restaurant
test_audio_1576.wav,metro_station
test_audio_0297.wav,forest_path
test_audio_1057.wav,forest_path
test_audio_0336.wav,city_center
test_audio_0361.wav,forest_path
test_audio_0788.wav,metro_station
test_audio_1022.wav,cafe/restaurant
test_audio_0961.wav,city_center
test_audio_0800.wav,grocery_store
test_audio_0273.wav,forest_path
test_audio_0939.wav,park
test_audio_0183.wav,office
test_audio_0835.wav,grocery_store
test_audio_0648.wav,forest_path
test_audio_0281.wav,metro_station
test_audio_0634.wav,forest_path
test_audio_1598.wav,office
test_audio_0904.wav,metro_station
test_audio_1089.wav,bus
test_audio_0738.wav,tram
test_audio_0585.wav,office
test_audio_0465.wav,grocery_store
test_audio_0145.wav,tram
test_audio_1453.wav,forest_path
test_audio_0820.wav,car
test_audio_1399.wav,grocery_store
test_audio_1149.wav,office
test_audio_0786.wav,train
test_audio_1530.wav,tram
test_audio_0283.wav,park
test_audio_1316.wav,metro_station
test_audio_0884.wav,train
test_audio_1533.wav,residential_area
test_audio_0816.wav,train
test_audio_0765.wav,forest_path
test_audio_0829.wav,train
test_audio_0255.wav,tram
test_audio_0012.wav,city_center
test_audio_1041.wav,train
test_audio_0844.wav,tram
test_audio_1211.wav,park
test_audio_0148.wav,residential_area
test_audio_1408.wav,office
test_audio_0801.wav,train
test_audio_1539.wav,park
test_audio_1284.wav,metro_station
test_audio_1382.wav,residential_area
test_audio_1127.wav,park
test_audio_0894.wav,library
test_audio_0187.wav,forest_path
test_audio_0683.wav,forest_path
test_audio_1365.wav,car
test_audio_0595.wav,residential_area
test_audio_0914.wav,metro_station
test_audio_0528.wav,car
test_audio_0677.wav,train
test_audio_0908.wav,office
test_audio_0819.wav,park
test_audio_1487.wav,train
test_audio_1163.wav,train
test_audio_0653.wav,grocery_store
test_audio_0040.wav,metro_station
test_audio_1518.wav,park
test_audio_0681.wav,home
test_audio_1411.wav,grocery_store
test_audio_0308.wav,office
test_audio_1037.wav,park
test_audio_1269.wav,park
test_audio_0244.wav,home
test_audio_1005.wav,tram
test_audio_0380.wav,park
test_audio_0782.wav,forest_path
test_audio_0489.wav,bus
test_audio_1335.wav,train
test_audio_0032.wav,cafe/restaurant
test_audio_0742.wav,office
test_audio_0999.wav,tram
test_audio_0624.wav,forest_path
test_audio_0642.wav,park
test_audio_0515.wav,city_center
test_audio_0085.wav,metro_station
test_audio_1256.wav,metro_station
test_audio_1488.wav,home
test_audio_1011.wav,home
test_audio_0251.wav,forest_path
test_audio_1519.wav,grocery_store
test_audio_1328.wav,grocery_store
test_audio_0146.wav,train
test_audio_0065.wav,train
test_audio_0306.wav,car
test_audio_1390.wav,home
test_audio_0553.wav,park
test_audio_0165.wav,cafe/restaurant
test_audio_0338.wav,forest_path
test_audio_0004.wav,metro_station
test_audio_1422.wav,grocery_store
test_audio_1253.wav,grocery_store
test_audio_1157.wav,park
test_audio_0095.wav,cafe/restaurant
test_audio_1120.wav,office
test_audio_1007.wav,beach
test_audio_1595.wav,grocery_store
test_audio_0564.wav,metro_station
test_audio_1347.wav,metro_station
test_audio_1404.wav,train
test_audio_0471.wav,forest_path
test_audio_0758.wav,tram
test_audio_0907.wav,office
test_audio_1283.wav,forest_path
test_audio_0083.wav,office
test_audio_0906.wav,park
test_audio_0875.wav,city_center
test_audio_0838.wav,residential_area
test_audio_0821.wav,bus
test_audio_0678.wav,cafe/restaurant
test_audio_0773.wav,city_center
test_audio_1297.wav,tram
test_audio_1583.wav,metro_station
test_audio_1323.wav,office
test_audio_1021.wav,home
test_audio_1213.wav,cafe/restaurant
test_audio_0589.wav,metro_station
test_audio_0379.wav,car
test_audio_1290.wav,library
test_audio_0400.wav,cafe/restaurant
test_audio_1278.wav,city_center
test_audio_0647.wav,metro_station
test_audio_0723.wav,office
test_audio_0899.wav,home
test_audio_1093.wav,park
test_audio_1219.wav,forest_path
test_audio_0612.wav,city_center
test_audio_1100.wav,bus
test_audio_0797.wav,city_center
test_audio_0014.wav,cafe/restaurant
test_audio_0133.wav,metro_station
test_audio_1553.wav,residential_area
test_audio_0104.wav,home
test_audio_0118.wav,office
test_audio_1034.wav,metro_station
test_audio_0453.wav,train
test_audio_1560.wav,metro_station
test_audio_0968.wav,office
test_audio_0668.wav,grocery_store
test_audio_1619.wav,forest_path
test_audio_0535.wav,home
test_audio_1090.wav,city_center
test_audio_1243.wav,tram
test_audio_0952.wav,home
test_audio_0195.wav,park
test_audio_0546.wav,train
test_audio_0979.wav,metro_station
test_audio_0462.wav,train
test_audio_0729.wav,grocery_store
test_audio_1581.wav,forest_path
test_audio_0944.wav,train
test_audio_0437.wav,city_center
test_audio_1043.wav,cafe/restaurant
test_audio_0980.wav,grocery_store
test_audio_0206.wav,tram
test_audio_1616.wav,residential_area
test_audio_1371.wav,city_center
test_audio_0635.wav,bus
test_audio_0344.wav,home
test_audio_1415.wav,grocery_store
test_audio_1577.wav,residential_area
test_audio_0435.wav,train
test_audio_1447.wav,train
test_audio_0610.wav,office
test_audio_1448.wav,city_center
test_audio_0434.wav,metro_station
test_audio_0048.wav,metro_station
test_audio_1175.wav,car
test_audio_1451.wav,city_center
test_audio_0599.wav,grocery_store
test_audio_1049.wav,forest_path
test_audio_1327.wav,office
test_audio_1171.wav,library
test_audio_1377.wav,home
test_audio_0893.wav,train
test_audio_1393.wav,car
test_audio_0542.wav,car
test_audio_0131.wav,metro_station
test_audio_1566.wav,train
test_audio_1341.wav,grocery_store
test_audio_0841.wav,office
test_audio_0475.wav,home
test_audio_1386.wav,home
test_audio_1045.wav,car
test_audio_1139.wav,residential_area
test_audio_0478.wav,grocery_store
test_audio_0031.wav,forest_path
test_audio_0137.wav,beach
test_audio_1289.wav,grocery_store
test_audio_0994.wav,metro_station
test_audio_1557.wav,grocery_store
test_audio_0579.wav,car
test_audio_1432.wav,car
test_audio_0307.wav,park
test_audio_0760.wav,cafe/restaurant
test_audio_0035.wav,grocery_store
test_audio_0665.wav,park
test_audio_1376.wav,metro_station
test_audio_1026.wav,metro_station
test_audio_1097.wav,city_center
test_audio_1178.wav,grocery_store
test_audio_0631.wav,forest_path
test_audio_1286.wav,metro_station
test_audio_0011.wav,grocery_store
test_audio_0728.wav,forest_path
test_audio_0238.wav,office
test_audio_0637.wav,train
test_audio_1463.wav,home
test_audio_0097.wav,grocery_store
test_audio_0228.wav,metro_station
test_audio_0949.wav,forest_path
test_audio_1575.wav,forest_path
test_audio_0845.wav,park
test_audio_0971.wav,car
test_audio_1419.wav,grocery_store
test_audio_0696.wav,office
test_audio_1508.wav,office
test_audio_0789.wav,cafe/restaurant
test_audio_0315.wav,beach
test_audio_0912.wav,cafe/restaurant
test_audio_1258.wav,city_center
test_audio_0672.wav,office
test_audio_0209.wav,car
test_audio_1315.wav,tram
test_audio_1277.wav,bus
test_audio_0008.wav,residential_area
test_audio_1559.wav,forest_path
test_audio_1538.wav,metro_station
test_audio_0957.wav,train
test_audio_0084.wav,office
test_audio_1348.wav,residential_area
test_audio_1081.wav,library
test_audio_0669.wav,metro_station
test_audio_1083.wav,city_center
test_audio_0368.wav,park
test_audio_1077.wav,home
test_audio_1321.wav,park
test_audio_1353.wav,tram
test_audio_1613.wav,residential_area
test_audio_1528.wav,metro_station
test_audio_0189.wav,car
test_audio_0140.wav,home
test_audio_0938.wav,car
test_audio_0983.wav,office
test_audio_1098.wav,car
test_audio_0412.wav,park
test_audio_0578.wav,park
test_audio_1481.wav,residential_area
test_audio_0072.wav,home
test_audio_1236.wav,train
test_audio_0323.wav,office
test_audio_1489.wav,train
test_audio_1540.wav,metro_station
test_audio_0848.wav,library
test_audio_0756.wav,grocery_store
test_audio_1346.wav,home
test_audio_0239.wav,park
test_audio_1462.wav,office
test_audio_1191.wav,city_center
test_audio_0216.wav,city_center
test_audio_0720.wav,home
test_audio_0184.wav,forest_path
test_audio_1302.wav,park
test_audio_0900.wav,city_center
test_audio_1548.wav,metro_station
test_audio_0619.wav,train
test_audio_1606.wav,library
test_audio_0849.wav,cafe/restaurant
test_audio_1465.wav,beach
test_audio_1204.wav,office
test_audio_0463.wav,metro_station
test_audio_1062.wav,tram
test_audio_0930.wav,metro_station
test_audio_1238.wav,tram
test_audio_0690.wav,metro_station
test_audio_1456.wav,home
test_audio_1609.wav,residential_area
test_audio_0767.wav,metro_station
test_audio_1252.wav,cafe/restaurant
test_audio_1563.wav,residential_area
test_audio_0982.wav,city_center
test_audio_1272.wav,park
test_audio_0194.wav,office
test_audio_1217.wav,forest_path
test_audio_0476.wav,train
test_audio_0547.wav,car
test_audio_1095.wav,metro_station
test_audio_0675.wav,residential_area
test_audio_1435.wav,metro_station
test_audio_1172.wav,tram
test_audio_1159.wav,park
test_audio_0202.wav,grocery_store
test_audio_0119.wav,city_center
test_audio_0149.wav,cafe/restaurant
test_audio_0439.wav,metro_station
test_audio_0208.wav,home
test_audio_0630.wav,metro_station
test_audio_1608.wav,cafe/restaurant
test_audio_1257.wav,park
test_audio_1148.wav,residential_area
test_audio_1281.wav,metro_station
test_audio_0086.wav,library
test_audio_1546.wav,home
test_audio_0265.wav,metro_station
test_audio_1403.wav,cafe/restaurant
test_audio_0659.wav,office
test_audio_1047.wav,car
test_audio_0101.wav,grocery_store
test_audio_0527.wav,office
test_audio_0395.wav,home
test_audio_1352.wav,metro_station
test_audio_0079.wav,forest_path
test_audio_0594.wav,forest_path
test_audio_0721.wav,train
test_audio_1151.wav,train
test_audio_1214.wav,bus
test_audio_0583.wav,tram
test_audio_0013.wav,tram
test_audio_1455.wav,city_center
test_audio_1129.wav,office
test_audio_1065.wav,tram
test_audio_0965.wav,metro_station
test_audio_0505.wav,metro_station
test_audio_0090.wav,home
test_audio_0078.wav,car
test_audio_1305.wav,park
test_audio_0702.wav,office
test_audio_1345.wav,train
test_audio_1482.wav,library
test_audio_0074.wav,train
test_audio_1113.wav,grocery_store
test_audio_0984.wav,park
test_audio_1234.wav,metro_station
test_audio_1394.wav,forest_path
test_audio_0573.wav,forest_path
test_audio_0871.wav,cafe/restaurant
test_audio_1158.wav,cafe/restaurant
test_audio_1231.wav,office
test_audio_0168.wav,park
test_audio_0843.wav,park
test_audio_0855.wav,park
test_audio_0181.wav,metro_station
test_audio_0063.wav,library
test_audio_0311.wav,train
test_audio_0127.wav,home
test_audio_0660.wav,train
test_audio_0531.wav,metro_station
test_audio_0494.wav,park
test_audio_1248.wav,beach
test_audio_0492.wav,car
test_audio_0517.wav,cafe/restaurant
test_audio_1109.wav,tram
test_audio_0671.wav,library
test_audio_0019.wav,library
test_audio_0317.wav,park
test_audio_0371.wav,office
test_audio_0812.wav,metro_station
test_audio_1058.wav,metro_station
test_audio_1620.wav,office
test_audio_0605.wav,office
test_audio_1478.wav,park
test_audio_0096.wav,office
test_audio_1216.wav,metro_station
test_audio_1421.wav,park
test_audio_1601.wav,bus
test_audio_0752.wav,grocery_store
test_audio_0689.wav,park
test_audio_1259.wav,residential_area
test_audio_0046.wav,forest_path
test_audio_1423.wav,tram
test_audio_0917.wav,park
test_audio_0640.wav,office
test_audio_0609.wav,office
test_audio_0111.wav,city_center
test_audio_0022.wav,forest_path
test_audio_0584.wav,forest_path
test_audio_0766.wav,forest_path
test_audio_1141.wav,metro_station
test_audio_0214.wav,tram
test_audio_0817.wav,car
test_audio_0033.wav,home
test_audio_0744.wav,cafe/restaurant
test_audio_0783.wav,car
test_audio_1071.wav,cafe/restaurant
test_audio_0722.wav,residential_area
test_audio_1536.wav,park
test_audio_0404.wav,metro_station
test_audio_0663.wav,library
test_audio_0859.wav,tram
test_audio_1387.wav,grocery_store
test_audio_0935.wav,forest_path
test_audio_0236.wav,park
test_audio_0953.wav,forest_path
test_audio_1040.wav,train
test_audio_0191.wav,train
test_audio_0430.wav,city_center
test_audio_1145.wav,metro_station
test_audio_0872.wav,residential_area
test_audio_0461.wav,grocery_store
test_audio_0737.wav,residential_area
test_audio_0565.wav,cafe/restaurant
test_audio_1410.wav,grocery_store
test_audio_0069.wav,grocery_store
test_audio_0425.wav,home
test_audio_1378.wav,metro_station
test_audio_0221.wav,grocery_store
test_audio_0006.wav,forest_path
test_audio_0442.wav,grocery_store
test_audio_0288.wav,tram
test_audio_1573.wav,park
test_audio_0701.wav,metro_station
test_audio_1499.wav,metro_station
test_audio_0540.wav,residential_area
test_audio_0895.wav,city_center
test_audio_1161.wav,forest_path
test_audio_0523.wav,forest_path
test_audio_0509.wav,forest_path
test_audio_0937.wav,home
test_audio_0135.wav,city_center
test_audio_1554.wav,office
test_audio_1409.wav,metro_station
test_audio_0050.wav,cafe/restaurant
test_audio_1506.wav,park
test_audio_1103.wav,train
test_audio_0972.wav,tram
test_audio_0339.wav,home
test_audio_1263.wav,bus
test_audio_1339.wav,tram
test_audio_0554.wav,office
test_audio_0852.wav,bus
test_audio_0685.wav,forest_path
test_audio_0698.wav,office
test_audio_0808.wav,home
test_audio_1367.wav,metro_station
test_audio_0250.wav,park
test_audio_1603.wav,city_center
test_audio_0936.wav,office
test_audio_1169.wav,metro_station
test_audio_1594.wav,office
test_audio_0136.wav,forest_path
test_audio_0745.wav,metro_station
test_audio_1343.wav,bus
test_audio_0446.wav,park
test_audio_0962.wav,forest_path
test_audio_1314.wav,forest_path
test_audio_0278.wav,home
test_audio_0440.wav,park
test_audio_0415.wav,metro_station
test_audio_0927.wav,forest_path
test_audio_1064.wav,home
test_audio_0558.wav,tram
test_audio_0590.wav,residential_area
test_audio_1009.wav,home
test_audio_0536.wav,office
test_audio_1514.wav,residential_area
test_audio_1615.wav,residential_area
test_audio_1000.wav,forest_path
test_audio_0548.wav,train
test_audio_0094.wav,metro_station
test_audio_0473.wav,tram
test_audio_1493.wav,grocery_store
test_audio_0107.wav,home
test_audio_1050.wav,grocery_store
test_audio_1354.wav,grocery_store
test_audio_0052.wav,grocery_store
test_audio_1483.wav,car
test_audio_1579.wav,office
test_audio_1468.wav,office
test_audio_0712.wav,train
test_audio_0597.wav,train
test_audio_0988.wav,city_center
test_audio_0885.wav,cafe/restaurant
test_audio_0687.wav,metro_station
test_audio_1349.wav,metro_station
test_audio_1477.wav,metro_station
test_audio_0130.wav,cafe/restaurant
test_audio_1565.wav,forest_path
test_audio_0301.wav,park
test_audio_0568.wav,grocery_store
test_audio_0252.wav,library
test_audio_1194.wav,residential_area
test_audio_0438.wav,home
test_audio_1174.wav,office
test_audio_1010.wav,residential_area
test_audio_0172.wav,grocery_store
test_audio_1146.wav,office
test_audio_0260.wav,home
test_audio_0279.wav,office
test_audio_0969.wav,grocery_store
test_audio_0396.wav,cafe/restaurant
test_audio_0834.wav,city_center
test_audio_1108.wav,forest_path
test_audio_0504.wav,library
test_audio_0674.wav,home
test_audio_0967.wav,office
test_audio_0016.wav,home
test_audio_0868.wav,car
test_audio_0679.wav,train
test_audio_0617.wav,home
test_audio_1036.wav,grocery_store
test_audio_1195.wav,residential_area
test_audio_0313.wav,home
test_audio_1517.wav,forest_path
test_audio_0242.wav,tram
test_audio_0496.wav,cafe/restaurant
test_audio_1076.wav,home
test_audio_1510.wav,forest_path
test_audio_0142.wav,residential_area
test_audio_0511.wav,tram
test_audio_0377.wav,residential_area
test_audio_0134.wav,bus
test_audio_1085.wav,grocery_store
test_audio_0029.wav,forest_path
test_audio_0638.wav,grocery_store
test_audio_0245.wav,home
test_audio_0332.wav,library
test_audio_0769.wav,residential_area
test_audio_0945.wav,train
test_audio_0051.wav,library
test_audio_0970.wav,home
test_audio_1363.wav,residential_area
test_audio_1152.wav,home
test_audio_0522.wav,park
test_audio_1224.wav,office
test_audio_0909.wav,forest_path
test_audio_0810.wav,metro_station
test_audio_0616.wav,metro_station
test_audio_1416.wav,tram
